PC_1,PC_2,PC_3,PC_4,PC_5,PC_6,PC_7,PC_8,PC_9,PC_10,PC_11,PC_12,label
2.6997546532982195,-10.986737926636954,7.348580323151036,-6.75653989634167,-10.47855355780806,-6.983968217465951,5.471439617051596,6.88096980131668,-7.246510804572327,4.4913923944960095,9.027110590550807,-1.0391660869990387,1
-1.1124686089003513,0.3986311350119153,-0.5520284843331797,0.9773851401460272,-2.083906723076972,1.244926362539313,-1.2836095147566822,-1.4110039752352461,1.2537007074912487,-1.3587833073201017,-2.151052460937528,-0.24396587747971324,1
-1.868228639744851,1.7537719725600587,-1.566701797461261,3.344320184689177,-1.7763634883438835,-0.4550238253109181,0.8859071315649938,-2.6127924801290336,-1.6981198899472214,-1.5948902719054883,3.1349922017677074,-1.712541399128475,1
-6.067451395132981,-0.47803593660178445,-4.611343992956277,-3.157858375386651,0.6686125653387414,-1.1662432076491467,0.25617183784109093,-1.9585093242310534,-2.4422579106394493,-0.07744691114355044,-1.1087514188412204,2.469410451459379,1
-0.34257871281137636,0.3841264627340754,-0.6594301378861903,-0.6068363300859517,0.41703605943525357,0.157052863749173,0.18448264886689675,-0.045207009213471865,0.16686263145679023,0.48482504127925324,-0.25352015567752606,0.9110462818368731,0
-0.5156013444462467,-0.30718313650436047,-0.0416335108902017,-0.4878621488031935,0.15218337257863504,-0.2005819953455485,0.11233567230665355,0.14094314279931014,0.12817173826936418,0.312075706301144,0.2755156768469746,0.17370289494048896,0
-1.0052824669424536,0.09590916335315747,0.8083167557298347,0.8972008481134939,-0.6588081355739415,0.6330201095824542,0.11217447149479466,-0.8631859012432087,1.271854727140012,-0.8731367047595006,0.9967333657762694,-1.1611588140166231,1
3.6537949398161294,-4.496282124301559,-8.425196941563556,-7.876182120576939,5.614605341496039,0.8260771954923067,3.4941400420649877,7.1655056276644915,2.4084953223402534,-6.1609848128776425,-4.7152419874410665,2.241497807458492,1
-0.04002189427322129,0.32976394354005495,0.03064661947941319,0.45976069113984924,0.3609468025532539,-0.31940737676938,0.011074946923581021,0.1376746734637744,-0.0037381241318651926,0.14116494869227486,-0.09328117932792487,-0.09369539888805113,0
-1.0150709225537193,0.5897435981652758,-0.030978306372964285,-4.559963902439358,-0.3870874741933618,-0.0034992248430194316,0.1799919042996398,3.625845133609617,5.612387968284191,9.88359218904784,-0.5066607146157237,0.44741852800188947,1
-9.904836522937815,-5.297474768804052,-11.687474771609676,-7.799362422519963,0.14217251526111702,2.7198210094578843,3.667356752307247,-3.698026213130129,-7.503095087298162,2.1017173133343316,-0.04539091786607386,0.740434583082984,1
-0.11216749430687953,-0.25294706721826615,-0.11396712706534824,-0.6447864925781048,-0.5403109872972689,-1.2130711941791317,-0.8082839524947942,-0.22227460586982178,-0.4434081231975882,-0.006465552535650732,1.2760250579578276,0.06431453656870885,0
-0.10305347840312801,-0.36019458054892073,-0.35377434420287956,0.6104363319959365,0.3946199508469826,-1.3213571532427375,0.19082894576552217,0.1431645059578518,-0.08963418786843967,-0.268102303502754,0.865408593491754,0.08024216214529414,0
-0.49438086048242225,0.20073781967076126,-0.0790524786141812,-0.5739078167778007,-0.3530872300252324,0.4189056349357007,0.4252523399503745,0.16306006063792378,-0.4829889877310922,-0.3541409924661105,-0.592892396441069,-0.04739275658598704,0
-6.453651650918384,1.727773531983732,-0.2557145269618328,-0.4711193250657156,-0.7048417607138369,-4.424811147777008,-0.7239928287089188,1.7055428527445757,2.9543032863188214,1.7778814677663612,0.9341107790675489,0.20627100249261196,1
5.330911300766127,-1.3080723035945747,-2.103916195788604,-4.984446398812472,0.6871567162781138,-3.7090935966542276,-4.984033628606756,5.918087928547468,4.31256875743987,3.4723454033392747,0.3885299149907358,0.5812430871682329,1
0.0591550738574384,0.09220196867904154,-0.14124906879800997,0.3172522398419714,1.0880366660657514,0.5331814135863027,0.5582822232099781,0.15324497202966947,0.13550741380767287,0.5682748185639521,-0.13526647752342616,-0.31264095100648787,0
-0.6406368802351405,0.14960826214404616,-0.41918475279788425,0.32144555679616826,0.02892232733345615,-0.150384919906443,-0.44127588255223327,0.04973412970233228,-0.1112064109004839,-0.008259173136703124,0.5682129628180816,0.17101419102895962,0
9.031335127179796,-3.41565542140888,-3.4213542865886017,-0.26710740502506125,-2.6451309119049546,-2.257740903506636,-3.9330423038047457,0.9269749562609658,1.509025753205586,-3.2439235010488447,-1.2173190047062712,4.511958233706845,1
2.836188467439095,-1.2928418651865463,-8.570530012971144,11.76103343449366,-1.5105319507306492,0.7254220424589606,3.40251693618777,4.080815839314127,-1.6606316713901998,1.0462826618252927,4.287744966477458,2.976237787483921,1
0.20125481987589175,0.18283525174406037,-0.8704917831931372,-0.17349325658936565,-1.3016620066640432,1.1546106927498119,-0.05100566884180268,-0.45228797519991604,0.06621319460153223,-1.0581192024782555,-0.7931749699659107,0.039538975150759145,0
-0.5986283811223264,-0.05011374807233342,-0.8124175785777976,0.012871005158482156,0.2844939932102036,1.1716389441571102,0.07130724769750578,0.7588940325860994,0.30929241478922015,-0.5707247844879528,-0.6707271460744961,-0.7048510804961978,0
0.03929271785837384,0.33648459615852766,0.26289021306728105,-0.2876152055993841,0.06616180509974506,-0.1042985819867722,-0.4114609995161945,-0.22947429509332382,-0.1715628431580852,0.38473072698660266,0.445715182846245,0.3130199951649631,0
7.037044422915508,-3.6396306466697834,-3.1530768182351467,-1.110943567187288,3.9869987018450885,0.3987358942396989,1.7750545015435744,1.7466480105139568,1.7135203322014299,-1.5936958187263244,-1.835822183972738,1.412517845625934,1
-0.24344072329366614,0.0009218707217802057,-0.4251315256888435,0.4330119659242467,0.21254459421742009,0.18057148865248362,0.1682797498166047,-0.06380128075555114,0.08598489334503247,-0.5964735441955918,0.11260333558228461,-0.20596377835330695,0
4.693276606941216,-5.829363148528191,-3.0225124824458676,-4.570602449292724,3.062257042207405,2.2992096932582826,-1.2425704125389172,3.7399688928996104,1.01574231813143,-3.8492388277793586,-3.812517348583341,-1.552359856804858,1
-0.850361178297092,-0.17832318584910392,-0.3960805177265296,0.20328901160935414,0.2843653393141074,-0.7907296980955322,0.48216348859386654,-0.14413486975229986,-0.5408731332135557,0.21850492764350743,1.2259280758947941,0.11652272092279965,0
0.7919341646408968,-0.321197119406354,-1.499982431477406,0.2277053198024001,-0.7231154948371673,0.647016762159195,1.9774217434264985,-0.6698111746302329,0.6043550012628903,0.33309176406287366,-1.1692848429390923,0.6582467654292075,0
-3.94347706226524,-10.55495057966117,11.361603711257544,-6.16403193145357,5.314107017895474,4.975481930828095,0.3500672575488033,-17.897791069696964,10.35048411615871,-2.5249009021675684,6.916115299477931,3.4310529734928172,1
-0.2506493514138251,0.14292196283289846,-0.3624131418211292,0.4162378722832244,-0.30202094489258846,0.03291597584052438,-0.13153586541397622,0.17967921778135254,-1.0364597371436404,0.45671810026282317,0.1195717582273162,0.24192069158945467,0
-1.4978026579165276,0.44862306687454706,-2.1883242152619324,-0.1042375054269668,0.37050928719415543,1.282406950291387,-2.215427948022569,-1.3465095239503722,0.6249686010800131,-1.5576923514623753,0.7003805329065186,0.428558596481286,1
-10.113126273954043,-4.74433034266169,10.943777850567756,-0.14050675690905126,-7.635018167004969,11.222024977479508,-9.300071173468735,0.27298108603413396,-7.594415033202575,0.7320102166883408,-7.348692117222062,9.081980392039577,1
0.040560074128024357,-0.21090181443687656,0.2536449512054419,-0.0666492214953024,0.057515452210723086,-0.534501445634737,0.26139677061823013,-0.430537591059269,-0.5814118348229445,0.6040480224558032,0.22999481628518137,0.004993139581632571,0
4.629481390000061,-0.021601570237564018,-2.2574201552099553,0.11757473700874528,4.649414565153877,1.4030160972596681,-6.586649374074111,-1.5578268963049866,-3.980678242885363,1.1983089324387015,3.174348322051368,1.2203643728235087,1
1.1880988388646743,-2.394722425795381,-0.24032165268744604,-0.26779720207989527,0.5006028212218119,0.21356644391337162,0.15099641216419585,0.8681786168646805,-2.233000815483536,0.6621608175946216,3.4023164589324617,0.011742797177642582,1
-3.1005973898208663,0.75454815417266,-2.5975307378395507,3.2468389920811607,0.36157743939998205,3.1466438552491023,-0.3358207043789797,2.646710825977678,-0.08370383126613395,-0.7864923348561773,2.5051907407620577,-1.5512081327553104,1
-2.6158198342860888,-0.6383415434138158,-0.5435230535240965,-0.019905030371935358,-0.4682002125128846,0.8320544254930222,-0.3924108255854802,0.7141474947562122,1.5998948024062638,-1.3491015478762594,-1.5759416263909032,-2.498016378552776,1
0.8313256819816819,0.26953072590377647,-0.347154851972811,0.17801131863662661,0.9570137005526085,-0.07219004666777692,-0.2953031147205239,0.2609997002724501,-0.030954515736391523,0.9090922583841119,0.9515110258865066,0.0031738058624680592,0
-0.2667331910957288,0.6394202258655218,0.9068782125475914,-0.08606957573251528,-1.2145701674096916,-0.09498207837772335,0.07313291541173962,-0.947258049974685,0.18802669074818584,-1.1271858397880061,0.19171026437729344,0.11973075908516635,0
-0.029542982706232096,-0.018565215152022533,-0.32410580275594414,-0.016728929272802683,0.40010560279137547,-0.4382724256269875,0.47806902713900606,0.12113833247659762,-0.7375422850108615,0.3064782821757456,0.6678240313125021,0.10276527862404429,0
0.09561955725000178,0.29294392035978295,-0.361949200038278,0.5351383014220267,0.1926812101473076,1.3186912451921546,0.2535560004601785,0.23040745069202787,1.151565074284179,0.25768047807566624,-1.0526868442461912,-0.4591340091250657,0
-1.7032608897081136,1.2101849228918071,-0.867127411977847,0.4078332535740096,-0.37072819420652103,1.1109694721261476,1.6786733902780049,-2.365024683565127,2.6395075564174824,-1.282301982711796,-0.9454856793143365,-1.928892816970946,1
-0.9323979500432755,1.3582935012160795,2.279382941262219,4.963204997378803,-1.5969889576595757,0.026916630788142264,-0.5767738914430076,-3.0946673153041266,-6.404192780994834,-5.824711452925439,2.429453495727489,-1.7914867758380835,1
-0.19256798067733558,-0.3261659132922556,0.4319059509678033,-0.3476097231071498,0.6752445775901151,-0.06444471212270583,-0.18890439464600395,0.3965205035994664,-0.2865168742200588,0.3091186219666813,-0.2373591592752243,0.1638283923234001,0
-0.31409020035684293,0.15489512523518223,-0.4978453509097691,-0.49856539026715646,-0.015934002408194224,0.9699291872768655,0.1260413324026288,-0.022554333392616095,0.26117135494258104,-0.32994600626370213,-0.37468769910377253,-0.31651717034508214,0
0.531302699376077,7.996192958404902,-1.8208829571812557,1.6037487232829326,-2.124161029019661,-2.554130907171293,-0.8919892308410228,3.5025132896239013,3.3661785038366285,0.008879725977346287,-3.2429497310777333,3.9314093381861976,1
-8.729847007825658,3.5024458637774565,1.6455823192823182,-1.9627305299885769,5.166808719635049,-4.678213107018496,1.3202445801124438,-0.09479474807929114,-3.4254081725884005,-4.501193584187031,5.968575635562119,-4.780434456149319,1
0.18827463490246354,-0.004320785355806314,0.36989335735958934,0.712797233511372,-0.6982220944811612,0.47799723845053393,0.2709662299817022,-0.5980808263419213,-0.11031567304049655,0.1685270019991084,-0.42773655641041364,-0.34861904833903545,0
-0.3618646799310946,1.1505762578954588,-0.5395412232373812,-0.0072204476660470505,1.4520915185021654,0.9691049725919968,0.16191282874368068,-0.8250079949381267,0.6262249861647952,-0.5895844882441368,-0.617363790290419,-0.4138771836363355,0
-1.175961595733282,-2.1037404451981003,-5.254564107327863,7.499557240532142,-2.3604761443041733,0.8245347182519887,-0.1221630275379999,-3.7844743250348225,-1.1490336387764282,3.612201724412707,-1.2203537035202554,-0.2708632334110834,1
2.2196296412349947,12.719272666334074,4.007468034573961,-2.675792126346275,-0.7519859080654603,-2.905845638388826,0.6777169810899247,-1.4860189863213422,2.844121593717477,5.478737774152706,-2.3527928362590136,1.8477068694094958,1
-1.094654089517024,-0.16595656092575473,-4.903415170388952,0.5210099766273812,-1.9093941763465103,2.679254022770645,-0.7706422172078402,-0.7920729534168419,4.063003939078061,0.4201098246391333,0.485690179062702,-2.2761142263352006,1
1.1629732752352522,1.8080585463226237,-0.4674724107631788,-0.8249141878649916,0.6758206178365478,1.0471069240975417,-0.668797780376901,-0.18543754326460735,-0.6844488739343046,0.12082290897797608,-1.3665883153455338,-0.025995513002851557,1
0.07004651425886518,-6.1194700911366855,-0.09316280754179054,-11.53162078451334,-11.005928681318927,-15.15603577458236,3.1546687241605618,-5.8670345477279495,-4.4666934648078165,2.599216008921954,-7.893490184867699,3.5244843140854507,1
2.9201470251584114,-3.553974095984912,-3.4475578748052644,-1.6178918484505314,1.4346909530157481,-1.0460128865487246,0.33117265186557515,0.7345126458875497,-3.4977916298818155,-5.398053636821131,0.965712473404776,-1.8334801833073926,1
0.33439636254297683,-0.275598380004639,-0.9378558582707652,-1.3930150623345063,0.2262868730351556,0.7248792549716035,-0.49644960836040913,0.6666279948602334,1.1256365859630708,-3.3998738234593993,-0.6920363422595529,-1.2589720103363302,1
-0.7462101460584386,0.9498304283385036,1.7780056459623217,-1.6197750276134544,0.008559241676037447,-2.5542324889314014,2.699146988071461,1.8277624574868205,-1.5556835918223304,1.4181690015333381,2.385860033057452,0.007761068241079295,1
-0.28015500694401946,0.6222235996462849,-0.4745571243454675,0.27721926561631205,0.23382583456845463,1.0662768346777272,0.46935019322271965,0.19016720009714017,0.4975156932203285,-0.3789395948912768,-0.865032197923673,-0.5889629973662562,0
0.14618971117545482,0.3973596439950067,-0.7837560644496566,0.2914325860547848,0.4877150469781203,0.33713719753606447,0.28603842768152504,-0.14949324356021465,0.40049783756456986,-0.220080454275972,-0.7655181765064715,-0.13842557403073658,0
0.8570619031278952,-1.291930780583642,0.7192880634275872,-0.7337348787404182,-0.3964442261480947,1.8872120526871947,-0.19301656130638345,-0.6743095048199975,-0.6938995508332556,-1.4301505973769275,0.6389213432171198,0.18171026542112595,1
-0.13550103397763083,-1.1578124671259267,-0.06679068377076938,0.33889790845246054,-0.5626367774901707,-0.6472265491428958,0.08511658895410124,-0.41769390978154536,-0.288135730173377,0.5892463322883742,1.1640053962605963,-0.05042816725708028,0
-0.07044849726713721,-0.8554125871787415,0.09193661033770387,-0.05493562701855221,0.5460093667706009,-0.9826137745312231,0.2548375454792437,0.3248197713935697,-0.7823831482202561,0.2953275010113949,1.7532879472142087,0.18571834344164997,0
-0.7348039319411254,1.8385458399001762,-1.093954810719831,5.801284473087741,-0.28033607137203626,2.6096641025102603,-2.1326481633696015,-0.16041179570946387,-0.3051633193682206,0.037455903935164965,-1.2334355419126823,-1.210454800345098,1
-0.49383019361121966,-0.12681632339163387,0.1113508618709966,0.13504730816403226,-0.138476897050538,0.3048421915400586,-0.008825367296198402,0.0032033347446208333,-0.20244877948247939,0.35945197053320826,0.18972611034383532,0.06412107570153931,0
-0.0214978314386642,0.4480519344545202,-0.46043094359728065,-0.2666391271634954,0.5380258229500786,1.0230014628344974,-0.04889731484628972,0.41595857611339737,0.41694483316009046,-0.4655586328214378,-0.9261924235528731,-0.09085201217469786,0
-0.37058400290460763,1.0726709661085299,-1.2103912303102722,-0.17320598384480018,0.4732737472169934,-0.2854360893528985,0.36271798397973515,-0.3528451557948949,1.4218918818961284,-0.8465586380991964,0.2684613170777013,-0.5831328377255159,0
-0.8359491017285363,-0.0072632117887589855,-1.3067122074241315,0.5407383440272014,1.3039186979362023,1.0195764371286056,0.08445241541004089,-1.0942916819071073,-0.004749167995412802,0.6210271059780742,0.8577701665289145,-0.3305815065186409,0
3.3711630532014567,-5.894587207611853,-2.7960259195939448,-2.005278410736873,6.706129603313486,5.753268534889327,1.61690139175317,4.120829475284193,-3.148737642568449,-4.541809329325984,-1.5829953631984641,0.7475108489937515,1
-1.063675235725573,-1.2706659774216458,2.107346117917029,1.8470870934836032,-0.3803338206234728,0.13697563535276974,-1.842671161655805,0.18290111929521405,2.143777444310221,-0.48583746844003345,3.970016888489865,-1.8626095451082736,0
-0.23354638495418822,-0.728632222132112,0.3391647569692005,-0.4754676350216803,0.3583141507639857,-0.5030470989336822,-0.23163863529135648,-0.32108581497812205,-0.6680245018312253,-0.009368037867672414,0.17080604763205362,-0.13796318418148976,0
0.39782052751990454,-0.8068852952482116,3.123011697584668,1.976710832720253,-1.7125192474996438,0.03217443164037964,-1.5953347281950687,-2.812989953629591,1.1789326303664422,0.410491991091276,1.5965689543925154,-2.0976296418783935,1
0.0900583606222467,-0.07017132550881088,0.19382653818586942,0.05879395805037164,0.01700184304373356,-0.1506937832456552,0.1286328537698555,-0.08023004251820262,-0.011123084601334397,-0.19628239608501774,-0.18312368851837987,0.04863843959720356,0
0.1424880136396432,-0.4477885600837196,0.4932894785417576,-0.32685980546843424,0.31269730073463214,-0.17292087386125246,-0.09366954908816764,0.18771855240795174,0.5811621782138094,0.0494363843264647,-0.1538573271685889,0.08228181178236947,0
0.11632353391415277,0.13708885819942235,-0.2039708680462585,0.18228604878120616,-0.20228667592314933,-0.0907998553387035,0.017949441909400714,0.016034811565551872,-0.1685538509947905,-0.3523135019886753,0.6307233188651096,-0.3378305677335624,0
-0.43801330874377786,0.35018855113649466,0.5781826254118386,-0.3351748980774891,-0.041543545586884986,-0.44819243055637764,0.23703549360897838,-0.4656833815460999,0.0013377026775111133,0.11624506294282944,0.3255170675043421,0.018729705142545877,0
-0.35132042465733315,0.30188483926202314,-0.10667664997099796,-0.17839695804848313,0.011662218174090144,-0.5828391802683582,-0.6797294723635585,-0.39536736239566506,-1.2422998365148243,0.3668435960147049,0.8354821556576731,0.48622002579146206,0
0.345212412100391,-0.24676153637591933,-0.15318688489705629,-0.07263575450101531,0.46270229302805155,-0.1704747321486874,0.1849418621667893,-0.3508207122361475,-0.028463524474287724,-0.009556999878592553,0.4447641532970532,-0.042501192081370404,0
-1.5887895119678765,1.3619651064607994,-4.584850741412045,3.747020712735651,-8.261182274739992,-5.249748860440712,-6.179184308304366,-3.165617840814437,-8.581364539866865,11.351550368996744,-5.107635402690621,-7.427784676666238,1
0.8002619514680029,0.09319864288324603,-0.6818153021650325,1.200054022984434,0.6487841017356362,0.6527927259262639,-0.6479459262616399,-0.9056171331389703,-1.6027604324640947,1.8919018873265427,0.6663577871216149,-0.5025074084480023,0
-3.067455468027328,3.1225593127518807,-1.1456421271860533,0.8469496882741167,-1.7767550750626102,-1.377420677313782,-1.9517593249091834,-0.8789458910851768,-0.055333091990339985,-2.0554009226524443,-0.6358047632156953,0.5244453748907932,1
-0.6280298792532761,-1.0109962166106738,-0.8684991849965293,-0.6469283669473654,-0.012932589020521043,1.258576020382496,-0.6982157090517362,-0.5495932218769628,-1.23044185650582,0.4967541808953283,-0.12351861327886976,0.8078962968341744,1
22.71740576140416,-6.723194758587537,1.4015069415734651,2.5171442688227463,-3.287872265368099,4.372600986976177,1.4375095036675394,-3.824875085258143,2.381693138532341,5.176717657050473,-5.6389856339133715,-2.1443703566810988,1
-0.9367526574879227,0.15587112792929866,-0.6023322920004058,-0.15699735239448517,-0.3136132260980071,0.44657433451265566,-0.02156779018049489,-0.32202806735419215,0.09765468301082048,-0.09889013053304781,-0.28651643354407014,-0.14259895652795776,0
0.4605415136440302,-0.24574663685915255,0.19692464859030812,0.4038151038630567,-0.0395042860072359,0.6679967798593333,0.08661218646181394,0.051118164079898464,0.08013604043389691,0.7151766566908963,-0.5811211480098507,0.07155603955380925,0
1.5563501598241993,0.755231489488216,17.308498410090483,1.8271568212708582,13.74649429200637,-9.008202805357124,-2.0378165560134898,1.7903727151737998,4.877334996245873,-3.122445344563676,-3.9744824205770404,-1.5974798105205448,1
-0.30705287335693304,1.4214355882385363,-2.0298389313109126,-1.75167765204234,-0.06495397458761831,0.4213066093425796,-4.326372047785535,-0.9609660443465116,-1.5255179882593546,-0.4510848351621283,-0.3415985949347636,1.6184270806822956,1
0.10154033738213782,-0.26919654263323295,-2.5582491219390056,2.8779986620062616,0.8364064797659523,1.2001813450996555,-1.116796570142751,-1.2523868862817467,-5.312784211581876,-4.629925232567471,-0.9399011816465404,0.14647897405961974,1
-0.6626659548315967,0.1601048443286005,0.8746051530903625,0.6930035633742289,-0.09202603492376973,-1.0310453480418909,-0.024731233008518337,-0.7962232404803735,-1.2114505264518287,-0.12302054906638098,1.0935827771983015,1.126173637380889,0
-1.0118486317267734,0.2880755560255335,-0.649235130278222,0.5252593870361092,-0.3318486661564048,-0.3122739554067543,0.03938619781939874,-1.0919473204815462,0.40469100606143626,-0.917876505611976,-0.3166651685555945,-0.3805270673022138,0
6.501454381787754,15.02954204457739,9.545017575450553,-14.260439894178642,-3.2423763484515518,1.9262568335487604,-3.394707283304416,9.727827604759531,-3.99061884906406,-11.106662558457126,11.147836329711081,-0.6538722320757512,1
-0.39562620163822726,1.0528229979950046,0.18440745033103045,-0.19044779275221252,0.7704770616854442,0.13162581418776897,0.3095557609755388,-0.409229209088176,-0.5644781848325908,-0.5646113430067587,-0.5918412680346459,-0.31695533679814436,0
6.026744707432729,2.1824939447967373,5.947767635756937,6.916399427284625,-3.56356406948873,1.8090908917709798,1.4821486068381906,4.996071371873811,3.5453782550313777,0.6972540860424121,1.8052524012602085,5.180025620024939,1
0.8406978922304141,-3.8961434818056717,0.23505915373894679,-0.8607334747952452,2.055613173513549,1.2208263447082137,2.3200602866598374,-3.128380849558954,-1.0169034110850932,-2.6663113773765184,2.895942038043166,-2.229200649610825,1
-0.2584510689345384,0.5065447316967678,-0.5564468737158347,0.6273594990887593,0.7435748548571247,0.7996147910401668,-0.001827058576826975,0.3708005207538821,0.4796554865335851,-0.2152637283898155,0.32048245270787185,-0.8038194105692557,0
-0.30462926116602795,0.2677372196276296,-0.14759198550894595,-0.21653687045248304,0.35904815763217013,0.2624779366690804,-0.29838713532115413,0.3502639656904177,-0.9039247204289864,-0.22847926978437616,0.19241326757010135,0.03280277247272186,0
-0.7509031884836334,-0.008653436023833248,0.40136096430626006,-0.5414288849457826,-0.35514944650498015,0.3974763277510989,0.06602782445096637,-1.9487897299945949,-0.753402498169783,2.3888144398373985,0.3177400439085032,0.8643613654975638,1
1.65740450887027,-6.119490021726754,-2.5285941777055734,6.362831749218782,-2.086122018281878,-3.6035621411173304,-1.8194626854710272,3.7630135346405855,1.2896113994465173,4.941349716962439,5.295323835843466,2.3751191613284606,1
-0.1942845892273341,-0.13080798304236904,-0.5117148557361032,-0.24990337611198452,0.18895334541899747,0.04566737463771688,0.13006739538232057,-0.06535816090752103,-0.2870670792854548,-0.04796413972821885,-0.027631729766474124,0.011816394073281528,0
1.5296074609577774,-2.022009007550793,-0.6000108532755538,-1.2403248496273602,-0.958665215953811,2.2341147298572612,1.4856307913773263,4.096986358946813,-0.9457940562415347,0.2756398147297618,-0.36279093672297696,-1.2707128017578804,1
-0.04496743438215118,0.7629485672048902,0.05211593571018394,0.054923950074620226,-0.4810384878811827,-0.015504501286724712,-0.5861676402160675,0.2547157514703233,-0.31561535163609133,0.05780394328479517,0.45292204620408305,0.09276076794354723,0
1.4202358825797845,10.102572995202962,-1.052395839618567,-5.1030761041835015,-1.4942733669379855,4.427620550129344,2.3985431840388554,3.6897923004490254,-1.9408994120162728,2.1978844345550206,0.2729910170691876,-4.4249180343494565,1
-0.5361224309808555,0.7968286336258378,0.32777726633625215,0.2643712188298385,0.08793932888529056,-0.2481691746288527,-0.018521207259909092,-0.5433985467403529,-0.2624347457771007,-0.30658113830094574,-0.2858705127612871,0.17411531115487397,0
-0.022232081884152183,1.5533987212551907,2.350654106091601,-0.08111891899913652,0.06263794611702381,0.1022362843629578,2.674235114546735,-3.4399951058734155,3.198058288008668,-2.3659155320449465,-5.127492004208517,-1.695160376505104,1
-0.0248649894614467,-0.36366999172843767,-0.03418644866236546,-0.15507024097343292,0.45712834931735324,-0.14309476436587504,0.6746690053708194,0.25491509331899875,-0.6863556504477649,0.3417548701735749,-0.17686717917409397,0.24847687347688674,0
-1.3575561335367818,-8.127865008299194,2.769310508022129,-3.5765150395955456,-4.538497767623945,1.1244469671826514,-1.2981777876468525,-0.6161485583690737,-7.315210976386065,8.495395391425806,-1.993294127881984,-14.977834519637009,1
-0.8157171816950681,5.9185093532182815,-2.6907461749726505,3.022838632911769,2.9425696640712005,0.8142537744489956,1.566460767324153,0.3950700432582455,3.615524809938914,-0.46270203625515055,0.6164070205624573,3.117723631442294,1
-0.25429810746115145,-0.22477915470610568,-0.606121212664669,-0.8435013963073903,-0.09477283844979556,0.01746459197055839,0.8390409154273301,-0.46873595685256225,-0.2741101647671699,-0.52781728779545,-0.44747023342063524,0.03586914437223887,0
-0.916145137918959,-0.9015879207511669,-1.145322667207963,1.291728664801617,-0.0836226737689951,-0.6679730635041308,0.27049866043595466,1.3074186213151249,-1.3022959559819967,0.378050406602639,1.0421652563165547,0.07485465371347369,0
-0.3510192944775614,0.04136384941393702,0.14783826539800846,0.4010900001456285,0.5594650644150122,0.0009374787683728334,0.21120733731849975,0.3974840021511787,-0.5266849411523213,0.35970121076059397,-0.23868260208728184,-0.35309598595733854,0
-0.24337918250480312,-0.19405906177233137,0.24976466609303172,-0.29332303122359227,0.14779704392797424,-0.260329490007171,-0.146179291060552,-0.06483002523199076,-0.8739771277512978,0.2449518783043458,-0.19053288602417326,0.05726117850256687,0
2.5674872206539816,2.235868098064722,4.966893709728202,4.011580801639976,0.5830898667491925,0.9515650034087513,-0.577197396897762,1.523043606964533,2.514701087508945,0.4925840987609315,-1.0824366676359634,1.8064730013298247,1
-11.000165613609987,-10.188229200535673,11.565618494145744,-1.2171438517799653,0.48933718485661754,-5.1529077283666895,2.0972608329298406,-3.6621905650033404,0.06823928074917594,-0.48478775913885763,-3.2382620434146303,7.7097403347235245,1
6.416641487045843,3.2738282809198034,-2.3033709384759677,-4.325907188831182,0.6458721566648746,-3.9568851179276194,-0.44420756964403574,5.235308920010991,4.019511535944871,2.5559953803338216,2.8997151111108317,0.2863932588908453,1
1.7895561952562402,6.709851458586563,0.6520079138916968,-0.6419355202985342,8.181423153921791,-5.606869769242445,-9.989603210297178,5.065753652032663,-5.844623581734126,9.149368186928319,0.5203193482318466,-1.355422118010899,1
-1.4984377858032227,0.5570950386284955,-0.7489144048388919,1.0994320766482657,-0.9536905638813019,0.592754560161231,-0.7194027676512652,-1.9325559744246985,0.4031936476200139,-1.105045315036709,1.6986923461474832,-0.5059668878758007,0
-0.22368256959206886,-1.204310449604276,6.413069520187865,-0.08037639724974728,0.47275511786563384,-0.9192342788644288,4.935668290757384,-7.496196696676674,1.2949489797549556,-1.520086816622933,3.7524784580228228,-0.008185147850447026,1
-0.6113609358080725,0.048240473486458844,0.4745521430846243,0.5881130175007442,-0.15815058176570962,0.09639070104936107,0.6832085477376884,0.4198959398278938,-0.13647818603820494,0.09697932293141921,-0.5696046071249383,-0.46732101697675305,0
0.03981193769687681,-7.537474998009065,-9.684988909608807,3.0037813528901816,0.8254165639844333,-2.8091748532194494,1.3691040641149586,-0.23837351180193136,7.470800211439605,-2.2104866112791033,0.8884032057245657,4.593973999508465,1
0.2500813072229598,0.017007501235459813,-0.24342675265759786,-1.30590524997896,1.1891224788239063,-1.8459772671035377,-1.0115453244234118,0.16469653330708922,-2.0783524979859633,0.1408065477592549,0.23754671883182213,0.6275776848165932,0
-0.7900685660474573,-0.16154596306905566,-0.383491533779438,0.08536717740999859,-0.13103544284508645,-0.269726661735069,-0.0641036225839152,-0.6732774027770474,-0.08899510738677671,-0.6113673262302332,0.08190231683854933,-0.5474278690059011,0
-0.6653108479020673,-4.634582566933108,-3.2505655928447803,1.0561566079513782,0.7881618369251563,-1.3778328574460899,0.30730680378677944,-1.0256913865467727,7.595193007204304,4.56130096344766,-0.8526303800759837,-2.6593012596076457,1
-0.4126486914527854,-3.7951011436160833,-1.4514696266638685,-1.917912797943128,0.4718595027514006,1.5740767766129828,0.31589971071050066,-1.7424877545858173,2.5648457224860723,0.20394862315639878,1.6055423645970692,-0.8161888678733029,1
0.6863612458664045,-0.8716497849720516,-0.3051603606855983,-5.169779458076242,-0.8870168889991127,2.5464479867966436,0.462460849732414,-1.7943144532279909,0.1807599451178678,0.8584820893236353,0.2790740337618823,-0.4805592395336666,1
5.766933801352364,-3.1057934790039843,-0.11546253206687625,-1.8858825646585136,-1.3383458394541718,0.6899567966465187,-2.0627947882030764,-3.7297919014873475,1.6724101768101252,0.7650520736168441,1.2156071066309095,-0.6608790924779308,1
-3.5168134912537004,1.134532214788795,-4.008196948449472,-0.38743070047440187,-2.632650109741615,-1.5416903721355226,1.0622056863508302,-1.6565605790351432,0.32361863503924543,0.26051483035208917,0.29105406512246396,-0.4402595493070263,1
1.4981310518009638,3.372592932093101,-1.882744857382038,-0.2637498713846558,-0.6693613124959022,-3.512233542437397,0.5693443751179502,1.2105343678469418,-1.8611328835813103,-0.8475545255098916,-4.724744700288522,-0.4659483848099228,1
-0.3274383059960326,0.23481292226283543,-0.90481364395949,0.037534521174986825,0.15024924879261672,0.9281942531426505,0.24985139328084127,0.43960362742006015,0.7856780689404698,-1.5194816910168565,-0.759213396848703,-1.088179910118119,0
-3.2171443865033713,1.8600260805621094,2.5542071463627654,-0.5209240915073603,0.4994439247027974,4.490649673144436,-1.6352422945084892,-0.5943216702542193,-0.8076348628638121,-0.7438149221812762,0.5995467266753103,1.322114327173785,1
-0.3088559798985447,-0.016050697457170828,0.001784922021783917,0.19499082182487612,-0.29139816832871884,0.027413283181264018,0.022939397128154026,-0.00711508023225022,-0.09728178138717815,-0.18528669971515654,-0.2478021310162471,0.037294892387045954,0
-0.7241786568903177,0.4573555341922644,-1.2465211655349973,-0.31166614161878825,-0.31112627122430225,-0.02516836204711582,0.17438298674712072,-0.31704195885228914,-0.5194959070187161,0.09792769522090089,0.013741792456730191,0.08999430041927467,0
-0.5675853357130205,-0.18608224514267543,-0.17412920850849448,0.3241673159636345,-0.11513842793320983,0.5606007228692161,-0.2923683118147793,-0.11125798125995452,0.44936962210942716,-0.2057052925190879,-0.4323596409848541,0.19884980932586974,0
4.865111199006544,7.852882272430926,-9.098447042747015,6.889083674998962,-3.2814244106334627,-9.92750604455748,0.7544951488719425,-0.897291390093588,1.5244753063854235,-2.1808639128006404,-2.434941496022789,-0.34294007497428824,1
-0.2452231499930269,0.5446748028279111,-0.5258978100002069,-0.006576406609285716,-0.20177306999309189,0.7025016632760062,-0.2971709681501464,-0.17459039501596002,0.5397629016803798,-0.42217782075844773,-0.9703440405469177,-0.035421479398413974,0
-0.4158535237927806,-0.01823856416487665,0.4453821255293369,0.4450348828966936,-0.10948219283154759,0.033921504702821154,0.4320110060339197,-0.15192538314005558,0.18824388234895065,-0.04728124618926223,-0.07913061440748992,-0.45901076677211916,0
-0.1669792820344294,0.6031156621830814,-0.6292111286479772,0.4938498372560909,-0.30404991474924803,-0.13171805903773096,-0.1331924160295442,-0.39885031828200945,-0.22708251575052193,-0.15171763612422032,-0.1970913768987236,-0.10705096540440252,0
-1.055093950357972,0.1747403829598312,1.4771538841373026,-0.5205647920592504,0.378635808474462,2.806179414875742,0.5632819490649034,-0.6998098647045955,0.12328302893711375,-0.9495501488760301,-3.1372331587684408,0.8272064130182819,1
-0.3897645446319178,0.03636583274745324,0.02480420294237373,0.03667829200015282,0.0880534052216101,0.1524641104288208,-0.4928358465910135,-0.6987100821842217,-0.25261554209109277,-0.23181116643797037,0.07758034809579535,0.2956664939914119,0
-0.18827069445901393,0.3149965470926384,-0.45761454298375936,0.5466981578808567,0.15762237883388738,-0.1939894191765868,-0.3787056302347503,-0.053370087602020715,-0.10735141768847561,-0.03983852716298794,0.11053837787629096,-0.5804634430057916,0
-0.20734755173125283,0.3255338423840724,-0.4200745629285728,0.35832053566438177,0.9561125080701374,0.03458554473867171,-0.3512210526681479,0.10268393406048458,0.16664166822603788,-0.4000268011332816,-0.016053030487918462,0.0862417227370772,0
-0.3846198778701249,-0.5404170658891839,-0.6351471214325187,-0.555489088253121,-0.257734369757406,0.09844382375532651,0.061830691363768404,1.051614345811205,-0.21347688971178327,0.5858903209270209,-0.06145940979854778,-0.4099071835135545,0
-1.9980246662789638,6.360900825273945,6.769758968295425,0.625881092032537,-4.659191649459716,-0.6693864429969655,-1.7069559113946347,-2.788807508954169,6.381229021507409,14.989763382391814,-0.7084283371788447,3.6747239768295192,1
-4.240602315610832,-6.4835464684874955,4.462692913433738,-13.641871826170053,-5.280446290578922,-0.5201134519142213,-5.060212754000087,5.773289425456572,-1.4944399201805678,-4.433968559781862,-2.5014657146014776,1.8985884949489102,1
-1.6885940345831028,8.756021597601912,3.662094097292091,2.249058001787437,-2.093199577298436,-4.144951566090113,2.6132363380815855,1.6518362539888132,-3.2397172897572095,-0.9017356893808522,4.542187308255675,-1.2199073124937423,1
-0.1498066269079503,-0.25693085235562174,-0.5135960505747348,-0.5391122370887385,-0.2080516176519805,-0.1992476010200836,0.5678157741970222,1.0281467774872484,-1.0852418371358528,-0.0017281973370958151,0.4463214006322266,0.3052624264991191,0
2.3080998447146235,-1.9409334100599724,-3.3338355229322225,-2.9629979535621787,-1.900211517093742,0.21389576775527364,0.6025802440915599,-0.9144015310033049,-2.0302706939699275,-1.9368691638710378,-0.7912460317801607,-1.1549035769590403,1
-0.5972367699271517,-0.3048196947765235,-1.139585071950467,-0.09583468687290958,0.08843183703845049,0.31481069928979705,0.40108984341469434,-0.19953067047870413,-0.5352105153083115,0.24244165229157658,-0.9573801342647292,0.2057912656532267,0
-2.6235285149369667,2.7592660464341168,-2.737103208531269,7.510374275119947,7.868388977635848,-0.3109245169458041,1.078064914115464,0.44091071465714976,-1.6755157171306987,-3.4948881244801098,-2.9323460381353605,-0.940218717755014,1
0.00017864155034504026,1.205138768973206,-0.4513843828146853,-0.565168424659119,0.11662139161199533,0.7867036969006942,0.5940747168814376,-0.8779893356107745,-0.19459845235437687,0.021267703502619334,-0.4651027047507631,-0.3637025262767349,0
-0.3105865528285819,0.08843608555792985,-0.23647174881061042,0.0023385435647159452,-0.36341938001494356,1.3851479475080488,-0.12907583528419125,-0.27206354271512834,-1.1175866264843746,0.050415877554821124,-0.005385529953055722,-0.5264599467643036,0
-0.5983086976328356,0.06560409973838222,-2.355434714655336,-0.7120129190926994,0.009937757325384912,1.0957090480086669,-0.036294192205645184,0.033988558047604187,-1.0688490345016843,0.749679912848904,-0.2528609092714345,0.5718212270154176,0
-2.527091062496849,-1.3077826534512675,-0.814809212124412,-1.0854511835014908,-1.5783842991903902,1.7183667844719648,1.6758106945074196,-0.7638451599137119,1.7533329162915572,-0.796609921003086,7.151125120693293,-1.6690852145234667,1
-0.12082215237294856,0.21619558537078754,-0.18604330396097912,0.18890078198534208,0.2091775842608812,-0.08210640768325989,-0.20205048244187235,-0.19896501372494457,-0.42121151652891364,-0.4298782283855842,0.3190713990412907,-0.0013622244750777072,0
-0.6363705533463475,-0.0747801203063104,-0.4319534906163596,0.06122649953129301,-0.055335612559246974,-0.17505413915051918,0.5381173005630997,0.04388637706699419,-0.5646011629320344,0.09145176841812648,0.43472364540709174,-0.18434174262511663,0
-0.29887340794722445,0.06770309756549196,-0.009815801425601222,0.19444287882463263,-0.717538028815019,0.3678785853676386,0.5494000587376194,-0.194031028807284,-0.05814254912592033,-0.2955254907349327,-0.444318904521303,-0.207253478360871,0
0.46581372149431155,0.7178313702774943,0.06475578084342629,0.3982815353277764,0.8276930129757205,-1.2860441889354108,1.218646079899154,1.23244810245225,-1.1306639793550972,0.6317918629166167,0.18645840695281615,-0.06595070760416072,0
3.0060289414903383,-2.1763879938544552,-1.7136922748942012,-3.3004642637299377,1.9799901109633433,0.6535582237441276,-0.8790474779935159,4.552062085769891,2.764045281235635,-1.646254077144596,-1.3069045154566552,-1.7424509397225392,1
1.2197685990604379,-0.2623910318465176,1.6104321773141803,0.57840514004539,1.1640675361993273,-0.28284811797038256,0.13296712403691233,0.7706298907910382,-1.1630711758001135,-0.5250972288882778,-0.5694549211135609,0.5130411033025722,1
0.13413281034038035,0.3481532126729744,-0.3289196079095006,1.397629397433609,1.1263352749862494,-0.6572052731863797,1.195108675739353,0.09914862214126771,0.9021255880586506,-0.5111978225262014,0.5521185604177188,-0.6058877607694607,0
4.081465606547056,3.286023829648569,-0.5619283959333717,-8.476461612338785,-5.149105015797614,-4.462259159857725,-2.468076766992196,0.43633026847208284,6.0673397168848595,2.2248908915672936,-0.9078230432791986,2.1201737708652177,1
3.97800764097637,-1.1149703740513282,-4.646383600967147,0.7977104257518886,7.523352362432477,-9.811336749530396,-0.4212757656566157,0.9425297110690891,-4.604236786763292,6.530169203519192,7.855101882201983,0.3837659834965499,1
-6.95495502394773,-17.583542270459365,-8.149844085415955,9.764386515615856,-8.182170369504064,10.895961824747287,-8.462896607939197,7.690179031610967,3.9376461156748555,-0.06677414781495632,2.515325606967003,-0.23320604273076245,1
-0.6590613779687773,0.29547003375881986,-0.12842275984684987,0.7495974733350663,0.07220388171269923,-0.31607346595219776,0.0002487453396465867,-0.24567562364311854,-0.030619449528616487,0.1749374679315733,0.03199385684187641,0.3413556492672752,0
0.2669055166465315,0.6737493754891132,-0.43867118679172545,0.5091348942402545,-0.15696552612187165,1.6224756788878598,-0.09885409857898944,-0.32781631330867067,-0.16194242383597476,-0.22454727793815207,-0.4876108081472286,-0.06206381901182214,0
0.26136541327243124,5.2783003914460656,9.281511577850049,15.702477282668985,4.793704607160953,-0.8599439396165258,2.714277493796476,1.3516417348342635,1.561521667537249,-1.7149575545979985,0.6089742152952727,6.487633424906801,1
1.7889980088784443,11.094983013043137,0.6870086782235685,-0.8647363955110852,2.934537565073666,-9.424138733303176,-8.158882565165069,-3.431252151383798,6.481460376420911,-3.833013277404855,-6.913207255245706,0.26399582817280665,1
-0.5479147296964353,-0.19034645362243943,-0.34019186646909,-0.17697239416307223,0.3314421492824277,-0.07615332699648279,0.21606694292800194,-0.09733862606786266,-0.24189490541522765,0.01649031824031909,0.029715745958236086,0.08608031747867795,0
-0.9555821752665644,-2.364053006787591,-1.383555243750374,-4.202921483855676,-1.6669075666165596,-0.39163234357564314,-0.5734551065029481,-0.024102767384720055,-1.9369608228960704,-1.282073256809482,0.6997851210303441,-1.950162779339922,1
-0.47191337824545426,-0.10189480230709194,-0.932056409746029,0.3253287887734413,0.15751672915025314,-0.1132712700050864,-0.15741046846993562,-0.17655753915679184,-0.2888343092087485,0.07086907968096813,0.02379779521704596,0.01701372266146587,0
-0.49363106018054015,-0.7406087733510245,0.31583969689249486,0.22576666626343542,-0.0895093096088246,-1.3563330218330814,-1.2417842321097343,1.101016083441298,-0.40714179013749907,0.8068136352610992,0.9355013091592728,1.127199232141864,0
-0.4598971182873121,0.4839231631460181,-0.0384936771244656,-0.29280125061946244,0.6244916257849374,0.30750227695983656,-0.8771832055063992,0.6604977458883772,-0.4286584541174798,-0.48363226294159417,-0.3539061382476357,0.24050065050542252,0
-4.767934101171781,1.9389586873513354,2.6480057413121347,3.418390006574534,1.2641905334511352,2.194739487291624,-1.8831065769016337,2.74051427416662,1.3801932917253226,-1.6338887131004067,-0.40103075191422133,0.6802096905010112,1
19.45105332627209,1.3233294662520922,20.531148836507235,1.8424391997855543,-4.774135482670195,9.58892651973287,-3.69697946140819,0.4593930049807642,-10.86717541476691,-6.338415858785588,1.7028968048737665,-0.10416885201451845,1
2.1999209654537197,7.484606490455024,2.2233207175620997,2.953998567217477,-4.65842817082222,2.0702826735889825,14.851690991529138,7.049060423342206,2.1600572436470062,2.7102220219090754,0.46065070564990074,4.361064631677169,1
2.7395765104525247,-13.143249119757268,-11.171025745298316,-6.472101213481698,1.5965218975302513,-6.218540559406652,2.598935046076793,2.8391805122289795,-1.2276924338617337,-6.93479643150791,-7.456706302020218,-0.620496754289691,1
-0.6328821465676717,1.3486561515539466,-1.0086313229702435,0.512766017684124,-0.2207996298240997,-0.002109049501709611,-0.44615824526754794,-0.40522046856833865,0.43606164402410547,-0.8732592896573949,-0.9447075581069456,-0.3713671097222762,0
-2.4732381138160067,2.104338702375556,-2.0551673492390896,6.1947486620421115,7.351639144992504,0.6751870883561378,0.7909564931560974,0.7934006114779597,-1.911391068498306,-2.570964329445345,-3.3157621261801395,0.6261872957322177,1
6.041857359469059,-3.122716446666157,-1.5109320534508528,-5.660916989914221,4.499137368514208,5.73628875028616,4.1361146496015975,-5.190520726431278,-3.271829704649956,2.70486858064264,-0.2542334431474048,-2.8070310283055586,1
0.9933617508669651,2.1743830692662716,0.704483708213331,3.4388344984880925,0.042854360274972046,-1.5803905047137707,0.9781362136919431,1.4831050661750493,1.3785447696356337,-1.5814665527821703,-0.5781812918321834,0.5014377516225985,1
1.9322591671575307,-2.9574783574051233,0.1334382652335694,0.8576043217300978,-1.8398570706966866,-2.622120132422626,-1.9574361179382198,2.1415209583306805,-3.0160966349933522,2.097400265338035,3.6834259821923174,2.1487766832875628,0
0.3586031138568409,0.052578686650106045,-0.6070830882277873,0.8552182414773125,-0.28465463539673314,1.279173162305155,-0.07078294796667273,-0.2511777589221668,0.7560165615028633,0.5293118199332024,-1.3575114997413917,-0.4693863522432031,0
-1.1317079479514793,-0.5287804612506226,2.2990017145888935,-0.3270464188856791,0.3516925954017977,-0.5804840741537737,-0.1375692374717969,1.3991339928621498,0.8326762923677093,0.3353478870810294,1.582994338438403,0.2532375586304172,1
-0.0738239320476425,-0.22376005245496947,-0.21273307870293162,0.16411589236536714,0.024408648450596974,-0.7871044420528694,-0.258831399226285,-0.09633432814506984,0.46435373603310187,-0.2997190426276522,-0.2680800685951519,-0.02180124517479509,0
5.52043857997715,1.3309433948859002,-9.046871827720652,-0.7156684497582052,5.773594891178204,0.5699458049855275,11.60479189202543,-1.3692911644337376,7.32385997895461,-1.6455378229297861,2.038515080742265,-2.8420899035154674,1
-0.186209147052428,-0.048971570976105175,-0.44950110027976004,0.1161727400556285,-0.21054467228933718,0.5126251612667088,1.144474500953803,0.10220502331890258,0.31329035022504625,-0.4374116182508857,-0.5660056091689587,0.5502781011012258,0
0.6691820451866262,-1.0417522740976721,-1.6481345923869712,-1.095829264058623,1.7517607600440204,0.9167597848088177,0.8191984241118793,1.0317484475924283,1.1192635581861585,-0.3400339785509908,-0.970950588030425,-0.4122183975667144,1
-4.814966324068363,0.26438619558720805,11.495594131999187,-2.8963345972463284,1.9182019410751308,-3.9267102017277136,-1.192443629777093,-1.0018242301413032,0.053425664707465084,2.2217206750265888,-0.4786765366270253,-6.122522281237648,1
-2.2833502161590107,2.3974096571313948,-0.13962514159961173,4.46045590702323,-5.1920926916124515,-3.244335181041399,-1.5934654098266923,2.8856911948539152,-1.2307871953069625,1.6404429311262363,-3.5874088511828317,2.9472656577229555,1
-1.3418760643171643,0.6341234262278104,-1.179111998549947,1.9720366332116794,-0.40940609456946125,0.37078222043016046,0.1457959536062048,-2.170048946034859,-3.14829648094209,-2.473629127876886,-0.36178571523653325,-0.2322266255023171,1
-0.40757984785654183,0.13591278304532523,-0.3487042487164713,2.574237545194081,-0.3642115497381673,0.23706211608099426,0.42832598574906877,0.19838868299889884,0.9808596141483639,0.07412743815881481,0.8652485611197344,0.12547727792601973,0
-0.37477211844104397,-0.027685339388125556,-0.37642750772769595,-0.4168214041842823,-0.09309262464710318,-0.14513327671022155,-0.004879858001608876,0.2746218181607209,-0.5753353344718318,-0.0832614519930699,-0.16495800781279554,-0.09768425564060425,0
1.773238249935255,0.26226563210164155,-2.5580699582697104,1.3460061806703976,-2.7738765233678397,1.2640018546148173,0.008912926784123136,-0.35695742720002743,-3.7183653633688203,-1.3537265287757465,-0.2203489799209138,-1.3163061031105339,1
-0.4940820995835718,-0.4784744451939353,-0.30856641948592006,0.37709394805559093,-0.14916434983798835,-0.5426573742428171,0.11473726864814206,0.09373550707713435,-0.5109184834520185,0.13119051729849643,0.9628890752454893,0.03133594296555299,0
14.422959170069294,-4.689963491547495,1.8470003226325638,-1.5665306453199532,-11.624060815598094,2.1746246460993035,0.4986253255764322,-1.6913167514308687,7.740325715147633,4.600348234645104,-1.5504834293584995,6.071835530485113,1
0.8780867693019049,-1.8214404459533993,4.801276287843144,8.85657783440251,-4.133206866242293,-11.042481177812688,1.430043418537401,-14.03940623896598,-6.649333224062933,-5.012803122730005,-3.3912909762218995,-7.716695793436136,1
-1.0684753343239248,0.04398260644042678,-0.004524173480157456,0.7361373925843139,-0.0963939792446182,0.7497951354738837,0.2875967922922945,-0.39392287985944485,-0.32162376921705144,-0.426385819248698,-0.5653691360455988,-0.5059454020673497,0
0.889049113938882,-6.322766255747348,6.550235541014474,10.92382714676719,-3.1142241582569277,-9.73800529046032,-6.319791108995236,-0.9902425610134503,3.22453870630888,-1.7936727544476612,5.405361208272122,-2.5888315002304476,1
-0.06343180221399002,-1.5157145714666347,2.288921949917886,-1.2010332426193144,0.6061121893011078,1.6330766853547183,4.487769378933471,-2.3270711193145845,1.9110581665425803,-0.18700473700084275,-1.4860021341126408,-0.4577069249568553,1
0.03708113684915122,-0.6615781617274586,-0.4073692872189615,0.03433057490505133,-0.07296961857194201,1.1388278592307486,1.0394025730250203,-0.7289387784139042,-0.7081817322196836,0.6569185324313923,-1.3895939970474949,-2.0937282949678733,0
-0.3908557810269448,0.5113304251098709,-0.15641855555675288,-0.03725777214741529,0.4916094372219112,-0.8924018862938984,-0.31867926465348817,-0.2144983244669203,-0.47555801478160586,-0.46402200722973225,0.9526398053862748,-0.10035007828155473,0
0.3057748237678243,0.6864525148995106,-0.320511562107729,0.5462977959793641,0.2244100058208553,0.6415737557562337,0.10305056784778563,-0.23759203399819168,0.46465645287047935,0.6417863631951879,-0.9897034829463501,-0.864646803204398,0
-7.199540473256011,6.095877568814664,0.439294067652572,-3.1476649438774214,-3.3955651340204906,14.886105244480374,-7.08448786448863,-6.521836250436571,7.794644219981138,-3.135852520538503,-1.3717681305587959,-4.231813092935798,1
5.904986763882659,2.82505238184422,2.601141814219333,-2.265835070683868,-2.304998219760075,-2.967176347344734,-4.989583502670117,-2.697967537298797,2.7710221956916157,-4.2794580415030055,-2.0108049970906774,3.2033170846336474,1
0.03457515897095918,-0.22528849664806358,0.10094476190954751,0.02351456934333496,0.1531874298093683,-0.19222593367531313,-0.2261694596561249,-0.20781795899171093,-0.9499842519773349,0.5403388071065487,0.40196935670088485,0.0036619350891487256,0
-1.2524387623152338,1.6610562986935,2.2006019456721218,-0.14669973896384972,-0.6162010440657446,0.5110540480963918,0.6218897917268374,5.001774454092689,-4.4048918894970885,3.6767142810636644,-4.584371304000522,-3.190895427355061,1
-0.8132519985390574,-0.6010621209716703,-0.41366370718362133,0.0850862989837334,-0.31331858997753514,0.10723875492164917,1.1623868906888688,-0.7090526403182534,0.2923547210448946,-0.24122837110249148,0.14413026679743063,-0.6142290573644625,0
-0.12400838165182082,0.21318473178594788,0.12251384140052962,0.5536937472185117,-0.24218745037048103,-0.6564193707341762,-0.20717065567994045,0.3090415192589584,0.17224213750889578,-0.8210966992104484,0.8441896332464499,-0.033509474650209356,0
-0.8909152014214068,0.3635816494199621,-0.16439678651557987,0.2927705953169394,0.05146730619580097,-0.055582147334171515,-0.22510322319060336,-0.3732692889056771,0.5991353356512154,0.2822690541308049,0.19525884542978528,0.10382139636630747,0
-4.531598318963971,0.2683945852034759,-0.15312722288875275,0.07212050275853366,-0.16592031775989016,1.8011662769653665,1.929224424869829,1.8067940441855117,-1.0530329423758398,0.4114217463757041,-0.31357510248349696,-1.7157710724338222,1
0.29234940094997747,0.1895017488917125,-0.22667866936543446,0.10546878260977514,-0.7439434164480514,0.9046389221921811,1.6390729898477203,0.16424732287049063,1.0752265792757307,3.509186802683367,-0.6424729850566295,-0.382742167042921,1
-0.09445747279346738,-0.37777163806391256,-0.4193667975313499,-0.6601969636838809,0.16051486887230612,0.6619769066314006,0.38646797724201487,0.5182866277464112,-0.6577369018303179,0.004009050727650858,-1.060129087193493,0.12124340356898232,0
-0.6394087536979961,-0.41696352587723956,-0.3585755133609593,-0.4957610829156841,-0.30773400109705634,0.7097084353735659,0.21227548795119291,0.15393400104527646,0.49216064345824506,-0.41896655527435067,-0.7721550002595926,0.4052061773875522,0
1.5972223944290445,-5.5369236492369,-5.603147744262535,-7.7673369679389594,15.206225240271102,-5.598599534022245,-14.931928811548719,-6.382887932756919,-1.6310927758633382,5.599554865901094,11.115932806119321,7.18480661620374,1
-0.5254596769957843,1.355931483030643,-0.021511274737951745,0.6399667015025591,0.7110165928469507,0.019842807659124998,-0.8976615570160971,-0.5479549430386222,-0.2740230088198622,0.27094399377222467,0.3789347779557068,-1.6231771388263172,0
-1.4851957338099926,-0.06319248283441971,-0.1233122356372519,1.644367153652297,0.2855366358482012,-0.08727680733008718,0.05982178962468152,1.1089098992058273,-2.738199886130229,-3.7884683888034925,-0.7869310453001833,-2.71594639632537,1
0.5480445985668847,10.510868970196363,-2.8461580568584295,-2.9083691900304687,2.848333222499695,7.682641781326096,-10.802682526244443,-3.6344657715755506,-6.248467214416001,2.8818409952165926,-3.4607811144618807,6.334152455446961,1
-1.3421965844205765,0.05292695102387917,-1.0267581767737508,0.3114963001290228,-0.17305880457420608,-1.3073319606712266,-1.0300534009867919,-0.5869772502839213,-1.0335417026062168,0.49224588628722904,0.7993139798000438,0.6660263116924415,0
0.7597955560887718,0.22646891273111927,0.15975364893041927,1.06560905643635,-0.14234144685189754,0.4675990295948984,0.09985462860915552,0.16028137251358915,-0.8536539339268582,1.0036014376521898,1.3933675853209317,-0.27120591131653327,0
-0.4823421237929596,-0.6877156169446728,-0.7020889733329141,-1.2224729710211752,-0.2636420660492059,-0.4065948073205021,0.8346392437051477,-0.4847232788010563,0.20731674168270323,-0.48585980566619735,0.5586109371001162,1.7211070601676703,0
-0.82325247501082,-0.765695580886169,0.29370197313250224,0.3520879689438697,0.705628213231084,-1.073770474176414,-0.6435716424463435,-0.10061330161358306,1.4405141410797682,-1.3813207129795957,0.5696021602399187,0.96688995444986,0
0.08534435791099315,-0.02745131482467748,0.06010434478652358,-0.8089836088133958,0.34038307578418814,-0.18392646525120088,0.7392048366361301,0.032384675402062975,-1.0911908638367447,0.3644554375239054,-0.04761921039156959,0.21229016448629975,0
-0.15260193449785045,-0.8296575024977845,-1.0259414126007438,0.5838379474070281,-0.431231287218972,-0.6628729536539386,-1.0174755297728988,0.1456613903765471,-0.2879400695756491,0.1418469788108026,0.4318202698060501,0.6608323826350616,0
-0.5210856527660004,-0.10401086284903435,-0.5450052678504091,0.3646381293589864,-0.29141199211501234,0.7372723256665497,0.4339062187292049,-0.323567236874598,0.22014844190681912,-0.1400156854197022,-0.31249409342413664,-0.25107928703135696,0
0.602877063289092,10.998579898122662,-3.3985617045189445,1.0605968894731468,6.348755132722122,1.1333033312754244,2.532070447149791,-3.8747537075440786,-6.293908573128257,6.016613474449633,-1.792197929278155,-2.916394078430517,1
0.08953607420979538,0.9526187069061782,-0.9490861527587098,0.37303839931628907,-0.024469249473649674,0.38730264854991747,-0.5773546007658813,-0.29174382512390595,0.05247588860695834,-0.4464818533183721,-0.9186251033985011,-0.27530088364877636,0
-0.7571803216215636,-0.41903859728741827,-2.5092976098206345,-1.058145081279394,-0.8805030463203026,0.5575309958569316,0.8241580100216304,-0.1330084388107376,-0.1888638789768778,-0.020367928353445412,-0.4247980576724727,-0.3684074846583299,1
-0.5045502907153606,0.2885132485489149,-0.6747822358264872,-1.1577776001409106,0.24952037623176815,0.26671584892563605,2.527284309036877,-0.8442953400985934,-1.2401521063032803,-0.6878747390676285,-2.590114575041625,0.23299657139145827,0
-0.3860373290348065,-0.2537172875971445,-0.028805368502597406,0.11397864762648266,-0.45166132089594074,-0.118965670617824,0.22306993189212254,0.3948329560722095,-0.3096587715540013,-0.1897815491291329,0.6816784053048841,-0.24306132011221532,0
-16.42092379564407,3.529588820247136,5.962661966244204,-2.2558743006244604,3.1639652763658375,1.9100173789896415,0.004494832522644369,10.16087778144496,9.10522502229775,5.003226029916127,0.2423285453011913,-5.869812208110529,1
0.666846102761085,2.3423997426999095,-2.3712895196569757,-2.580279006105015,0.09851272162728866,1.3139963204117027,-4.3325034341677044,0.16615377054708733,-1.5531103826452257,-0.06371070803172378,-1.3676490199158289,0.8932507280347339,1
-0.07762784860315652,-0.26738467259629894,-0.8066967583390584,0.7105295779329069,-0.3527253732325861,-0.13697989917498954,-0.26280931355089604,0.1810206574249113,0.12978884715532635,-0.3257188880380219,-0.368148254712723,-0.15682014575866654,0
-0.22388821139399057,-0.15015226973996712,-0.41089676562732425,0.0771994239158623,0.19957892068102007,-0.4766859806946424,-0.40684430673760136,-0.37023191808844735,0.016778829452735962,-0.08162503092799289,0.16994698098618066,0.5602814415948367,0
-2.0890771314882746,-0.07662032545507196,5.256052524935549,3.0429032246213747,1.6712607010985137,1.438308831860341,-0.7911563667570489,1.671345892439336,-1.953630388540186,0.12066847240129522,0.7991879987442071,0.8352174388494117,1
-0.10609415837648199,0.4483395508456133,-0.29408104469210705,-0.5641954643694836,0.0865055915817401,0.24605448932107027,0.12271365840854255,-0.03717030281724645,-1.0767865781965205,-0.01589278584824519,-0.706884435463327,0.3298786693187716,0
0.9100851321264478,-0.9255170658161195,1.2153860330544315,-0.07955752879430747,2.0556666415252196,0.2559862749511916,1.663764810875261,-1.2513432526447013,-2.807152202674902,-1.9375320360782224,1.1929237274185696,2.4479165182199325,1
-0.6472665573033174,-0.1648276313209379,-1.3842067920096646,-0.22280663039714524,-1.2936982173603258,0.4173841290149298,0.5038588870498476,-0.30487472128494225,-0.5967721366372403,-1.622146210858247,0.44595568526957186,-0.46273053295064986,0
-0.1864459363039749,0.46599208468838255,-0.5013213592797529,-0.49897420668008774,0.758778241914096,-0.0569183255073998,-0.1524754819758452,0.39534755544011374,-0.24772869566277478,-0.25773837050782283,-0.17302232742678744,0.43629462802654073,0
6.067857731507171,3.5616436958514273,-2.525101557827792,-2.0288593986717958,4.3147266492883904,-3.906136732717085,6.223259332080237,-0.3342313753977739,-6.0713511923431795,-0.24019071908136522,-1.153887166091548,11.157845179599423,1
-0.17500653446684522,-0.5651512941084396,-0.6952352763173731,-0.07901998436276146,-0.6087861661943564,0.29515820390544095,-0.0036769109327670453,-0.7652962446563487,0.608613954288358,0.06678379826997827,-0.23064926474831676,-0.12378351790283906,0
-0.13263723763644997,-0.37079535055125196,-0.9214006894054628,0.9073568645697832,0.14671181606679265,-0.06380340597421867,-0.06543652230485353,-0.5897795662725689,0.40874238055173256,0.15547400060653915,0.2925037542516172,-0.17117594920893303,0
-0.5154304228786878,0.12469884013651601,0.07724878537128418,-0.2277758302870163,0.674417966501178,1.227547296319137,0.9972557670041965,-0.3799396025215761,0.13038705865643857,-0.6100497650311186,-1.3775336129649265,-0.34767822653774855,0
-3.8664115783436976,12.242484536023525,-7.621518723061994,-1.5268398063692643,-23.58153507303997,-2.5791469965510063,1.083612886651118,-3.8667125984658326,2.268526230418207,-7.050694994219999,8.647224867588879,1.459257015967197,1
-0.32894409210905856,-0.30281314035633533,-0.6079536293048138,0.47677105746681814,1.8473972811737878,-0.8989835824248424,-0.05984212711888876,0.5756040491004072,-0.20088397734317404,-2.1052103853512,-0.9058666308740423,0.46497787121645534,0
-1.0076807376154864,0.01679641902531227,0.04682822593919923,-0.6405517240814445,-0.17329335090323078,-0.6790792440899146,-0.10124914727214614,-0.054519917083161194,-0.030407884957568725,-1.3366018492386316,0.5633856994905079,0.10745127992231121,0
-0.09791742473206388,0.4098612943121247,1.854794905713291,0.5814066080326936,-0.021471448433889748,1.2923412335893487,0.08693986892942644,-0.9702320104749793,0.3937913650249924,-1.0038007978846741,0.8723595347316,-0.8313424119209954,1
-0.2071018355532241,-1.0817477381441658,-0.2517955196320376,-0.7553457150849991,1.9464762708457823,-1.5225306240536658,-1.7452801724839588,-1.872377971772217,1.973343922451968,-0.5833686748407645,4.045522505201256,-1.0557614693055697,1
1.2848114665804051,1.5143588508892503,0.1289493382028239,2.3920784505022734,1.7051203801541042,-1.61764062515558,1.9252583684297915,-2.5442236925928854,0.14982930006820439,1.3248141165616976,-3.050958716917587,-1.8767962879210527,1
-0.43611262130106015,0.37582386919637456,0.2733162368670927,-0.029901814761183764,0.2903228042044234,0.09732373643822505,0.09540934073721043,-0.4127172886958462,0.050627527370091616,-0.6753954775957937,-0.7234385098099657,-0.730913975439608,0
-0.8972387425514897,0.302200205579915,0.7211037753214611,-0.47085684053207266,-0.12155741997874249,1.0043181128504493,1.3142982409219723,-0.36584452638099496,-0.8238303161655166,-0.5104550147608214,0.5218887121390569,-0.3293055550450459,0
1.6798255910013755,4.368705833009825,-3.4644307891610806,-5.007755564603968,1.791309695122116,-1.3003979696298122,-11.816354878263367,-2.5645079681442366,7.067912134607282,-1.9365894478792103,-2.8908138804511925,0.9497739817942579,1
-0.3362452845861108,0.6384332217201307,-0.447347262871706,-0.020698634054730377,-0.2791371168146564,-0.3460208275077126,0.4347563868786469,0.23159254864029852,-0.8325066541021571,0.6216214304683028,0.42644436291349885,-0.640654470359897,0
-5.541618928983662,4.1455866439897395,-0.09141821786498319,3.9452236913435446,2.478605145119295,1.5217538587519173,1.8492803116035348,-0.7938819165833889,-3.4175660789153715,-0.4938467775683201,-0.361701161237674,1.535460045996452,1
-0.4675747233748799,0.0003297521016780419,-0.17631886802047766,0.21033824665230272,-0.12281625998863249,0.2539165689884987,-0.07726689738096833,-0.08838189854253797,-0.0388709915227045,-0.018395112875321567,0.2877704467939741,-0.09141634684036315,0
-2.3557396254953957,-6.04707587372336,0.8298553783571951,-1.236291920193457,5.722012894362236,4.1506188259517485,4.950156419108117,2.0372439226701125,0.3510466848498322,2.5211046521201887,-1.9699155995346802,-4.75212518467051,1
-1.2271165274333788,0.9602759499518171,2.396381188945584,0.25438579457123767,-0.9256095416144487,0.29101899138114024,2.8753573347551837,-0.9059080159759174,-0.9851886528276989,-1.936975811440456,-1.789515472797644,0.5468922019990582,1
-13.477352911605305,1.8425211530867183,3.208192957167284,-2.519410730748747,-0.027524819580976388,2.708965779648705,-3.2889490307937206,6.572066753982016,6.750849438475263,4.70193652413523,-1.2791020833206856,-4.336584588667973,1
-0.14983407554750905,0.7839990427098916,-1.9459983733214048,1.1770194714902882,0.45781045480357047,1.7017475860262323,-0.32595672542360893,-0.452574468680896,-0.015930049827315284,1.920069892888586,3.9810410587575134,-1.1180717628112884,1
4.355691321948506,0.3014674776906497,6.015314467850337,-7.527605695754586,3.2955244468645137,-0.025144164791505514,16.59498300225023,3.3921151256826603,0.3039443280609422,3.5165013722453304,-3.584498134773366,3.1142659186189623,1
0.2395594890968516,0.46081426868542813,-0.26720361167609075,0.17563825968695243,0.41415484631093313,0.7958910964745356,0.17844213067868445,0.25399047670579633,0.7632904261655864,-0.5011553104924894,-0.7590552040756458,0.09067999379175763,0
-0.46642353544874754,0.13026677598676903,-0.6100611993547203,-0.39433116329574797,-0.24060855646326196,0.3211858444456799,0.008512532778622456,-0.0035458009720188183,-0.24707041268668486,0.5768177640492724,-0.06326895418831746,0.010724229301723042,0
24.303530774575655,-2.102819313522758,7.007004277303803,4.754079519130724,1.6628806905918556,5.855646528355006,-3.0546762377764574,0.9254861590130815,3.046023323303439,5.009823658227611,-2.975667639892454,-5.681584858844083,1
7.0837973911420935,-10.673577448081804,-3.6508790725642486,3.5656203844176155,-1.3075076761352467,-0.9346594881317493,-0.7786982444455729,1.1967225980507812,5.3042727257054985,-0.14646043191570704,8.063191737157142,-2.1536391081328774,1
-4.512576212518784,-14.900830442972202,12.535610468555383,2.6570221395016005,3.446703073796486,-0.9478129829428452,1.327110415134754,5.434857371950015,-1.8778712156376969,3.482647993788905,-1.5029319745152452,-0.060737540984911416,1
3.383132306102513,-4.23781271074137,-1.1888696138756703,-0.2668834680303911,3.9169581316054694,3.4591120781100804,-2.2122949088526624,2.136064082894377,-2.6530433670131583,-5.029079603214648,-1.0996091537290116,-2.6044095090175126,1
0.06971899201768234,-0.11103523500636422,-1.8946916600899055,-0.8480490001477883,0.21084434554626122,0.48933279307681343,0.3464583083135341,1.7729460954676193,1.212139706206899,0.5317549454771597,-1.7159728883191478,-0.540873962143278,1
-6.2352484672506785,2.495204421282134,8.10923103170935,-8.083068749968001,2.133417397541452,0.6147578508689377,10.817591822519535,-1.9897533956424907,2.709161383494637,-0.5400367366971603,5.903835363205101,-2.2756540833446186,1
-1.258667741782975,-0.3441219720219659,1.107965988163202,0.47237866175464455,-0.241758356913914,-1.604918952251476,-1.656392155540797,0.07374366548576261,0.13231529089247385,-1.776514235985458,2.437418814500305,0.6390984497639721,0
-0.2194567503924642,-0.15092363778696843,-0.5715592086531799,0.3689454948686041,0.3607683007122689,-1.0716376512561074,-0.8861433543892682,-0.32779047873127737,-0.16016317913342218,0.15563197814216528,0.9149315382701784,0.391461251683421,0
-4.001151572824269,-0.44742246373261124,-0.9911818105923162,-3.744347763753254,-4.99002433126629,1.2658435828485735,1.1155346820008591,6.6813415873028354,-2.4256091647359046,3.1627878072453233,-1.912386744194821,6.660862065147696,1
-0.08884237945489458,-0.0014015331144341067,-0.10013390723071622,0.8496253585019233,-1.0887075438613187,0.8637357611999142,-0.10641301159621723,-0.18030196376289145,0.8362309482641215,-0.8176011740727518,-1.6051706523298555,-0.540912187390337,0
-0.17755237724517764,-0.04057584154510835,-0.3095678699000011,0.21495551214808456,0.1207750468149405,-0.3220308161448538,0.24574022879228086,-0.4554922550095024,-0.2516658384132064,0.08522525558491229,0.35707347557778035,-0.0710244108756181,0
1.315913982578438,-1.8906231493724495,1.7556430116989166,2.038219407589385,1.7314118182597766,0.3673808150628955,-0.1359971711264244,-0.5177564417912677,3.042407870789706,2.603987181611743,0.5189096957080424,0.02398823736206145,1
-0.17144699015340295,0.32275855524094604,-0.3836917199165993,1.3425075239578654,0.37466063345794853,0.5512986965969148,0.648611776307239,0.1627380882537768,0.7902792038092388,0.13036198116057726,-1.3752109086686046,-0.2165202679708101,0
1.862484113051711,2.619218910355674,4.3960700642306145,-2.334654255191234,-2.4511825366798323,-10.698143253844616,-6.669342414443481,9.606739596970288,5.848412438782777,-8.835268827799615,-4.631756133015086,-8.313109588878994,1
-0.2029250554743426,0.12307962367172971,-0.14497148093963372,-0.17399984072486593,0.07847238080371008,0.5102266811507977,-0.11105674800533777,0.09970573607900245,-0.3088488815311808,0.007628816204236512,0.12473846158484145,0.2473882727106915,0
-8.457950687355446,1.4857514090422066,-2.90664170593889,3.8727997177577786,3.490968943712986,2.445639348438847,3.263144078349513,-2.3368085002311614,-4.988954424652615,-0.574355018053137,-2.8415425809271557,3.9848541058766105,1
-0.13664756188298016,-0.3727715100440207,-0.4656591201272916,0.15549593860209257,0.08697556882662848,0.4517005648148248,0.5179907043217463,0.06765146421995293,-0.27510216843847435,0.45689703004154975,0.5340891360554706,-0.2625053979311043,0
1.4616580098749512,0.7540397897356285,4.262952425531991,4.7745113042127025,0.3646994169540247,-0.8423749628223651,1.822059833661902,1.3602559455247234,0.4935641232862494,0.6477969345016057,-0.2157269008356781,3.4681462386348443,1
4.142306098067272,-1.884656758323791,0.5407308174417185,1.939370752455494,2.3084448324502116,1.7167664384759633,2.692076751573552,1.0288578134580948,-1.2656619518137864,-2.1021035547967912,-0.5260929006767534,0.5794956973966574,1
-0.9386381207255822,-0.5409969563299972,0.0371357133162848,-0.366603291809888,0.49074366447390105,-0.29962154610088226,-0.051075073882672434,0.38109023854511553,0.5670827957454081,-1.493355269637354,0.8526976606999276,1.460418518797007,0
0.04649073056496055,0.9322610017963093,-0.4784843749913102,-0.01774327880702481,-0.5677675912784477,0.29036925726427076,-0.1966798731079043,-0.10254958587601672,-0.21542235871512255,0.11915911946145136,-0.05680637417055202,0.5087504180770939,0
-0.4383945668281499,0.31850751492209545,-0.22271269384097034,0.7379454991653077,0.45087153182941986,0.03775845402276657,-0.056054186972495534,-0.028522796257409423,-0.6307639573056493,-0.20804371823158388,0.013396332740645781,0.07755384826792633,0
-0.14630480885615604,-0.43829742077315204,-0.39398882348583186,-1.018589145513688,0.1839296768636784,-0.7288420505167846,-0.4222297225486521,0.19096390290141343,0.17571873754166126,0.28937553082730466,0.4439075561323268,0.3686556758558958,0
5.438423335137836,-3.233699238387434,-2.225141213297383,-2.2020068578875374,-1.9705304084576423,-0.002095570733769598,-1.7505180235839792,-3.8788853231661613,1.2468680772201783,2.2353229866989888,1.2280133791925678,-0.7602718358695445,1
-1.2878701127688914,1.0119037583891881,-0.907651083433293,-0.24408782966537376,-0.060542985218777275,0.7236684551045263,-0.052843908840396914,0.016357048793700757,0.5226781928486572,-0.2664799791367386,-1.5312760239194179,-0.5558887014819667,0
3.954396350808,8.843278431518224,-0.4990521760141937,-6.086013660060551,-0.979375734665317,3.8124903891508595,5.60174232609868,-13.286403767728212,4.161799747135373,3.034239950930082,0.729118103436646,-3.3433794062074904,1
-0.2596839883191752,-0.00604525583089497,-0.2710533119357131,-0.12883367081160235,0.4973427006850484,-0.21490821870185303,1.0027083926756444,-0.21011095504644292,-0.5351463881616849,0.8517636418697258,0.36303956609600996,-0.3899065708061097,0
4.898990333587723,9.904790219239132,-4.7195623451539115,-2.850618859568673,3.8074400307186833,8.54063053322703,0.09662801717084638,1.891451389110493,-4.107066640320486,6.575798298194271,5.988436610992711,2.1528634302541216,1
-0.007608480979416984,-0.49073101423537946,-0.7210012919622714,1.460999268905186,-0.9450193780233775,-0.8226423793684176,0.6813805271484271,1.0801111595423543,-0.5685870165545394,-0.7531357745137556,0.2820663631916477,0.03108718145734803,0
-3.1797311851100654,-0.03222581324327894,-1.4724735300517933,9.112094234548561,-4.042889793138066,0.05147943160231712,4.750231345977652,3.16423792598007,2.319295104072839,-0.5983972202108997,3.9687806267051156,-0.9125619032960495,1
-9.379520523263313,-7.845482876347168,8.946423826928138,0.3819961388386837,-2.0453391896242685,-2.8232304310316922,1.5704672643787434,-2.993603012768214,-0.058868299857674,1.322897315830442,-2.763053047666211,8.068627789014613,1
1.555335767628704,-1.2609999334300916,2.3925056824415516,1.140953557359697,1.4463196128730738,-1.0505504858109957,-0.4897033427472445,2.1071373277690557,-2.2121317080559098,0.022176770575775655,1.007179813708325,1.2896447279258876,1
0.09098090825970795,-2.630729393355605,1.2212560857792636,-0.24636066911223115,0.16724052467072756,0.6589945020921928,1.1115217307763126,-2.618813720581134,1.9153960533207552,-0.6725541324098776,0.2297518748383067,0.5921640830736664,1
-1.9921859904626638,0.5212070788377912,0.49536048257257353,2.4897358537818826,2.9606283535544997,-1.5271207742626467,-1.910988596394529,1.0512997260386936,1.6478708525223373,-0.441160990423665,-0.43661031853235116,1.5757062103263788,1
-2.1963260712078663,3.0397669077733434,-2.163259971254113,1.9949749395790362,0.8938691771760919,0.530917317685085,0.9057750565484175,1.4995977456435012,0.6180700943546463,1.2864559069593984,-2.1205199257816445,0.7575440298043299,1
-1.0057888909878796,2.313213183916896,0.7044483710537396,0.23938863633617855,-3.900601955388626,2.630867536921318,2.5758039875710113,-0.03797804439086196,0.7329187117726585,-1.112745511050554,-4.58126121344611,-0.11938467310096777,1
0.2180315147881174,-0.18809707034956186,-0.07114686401250266,-0.19188251543733467,-0.08720361186711327,-0.5860473483429885,-0.43452243613662933,-0.05034581832471157,-0.27501985268894213,-0.36889570204980104,0.19963344785233514,0.1453619535329081,0
-0.07743506357776654,-0.022816445683796337,-0.11961336491425062,0.4364457174171286,0.2244429284193633,0.37172761427740414,0.20296408789900192,-0.2796898112142729,0.20376004126714478,-0.28292524059432206,-0.0173597171099903,-0.20655977257976232,0
-0.5066732188661659,-3.1224349493692958,-1.638085236841917,0.37544751611425803,-2.90437018832321,3.7285971948018792,-4.274667816609414,-0.6049373239575234,2.5920719420995946,-3.84650831056901,-0.37771393143425086,1.084869303424922,1
-0.7752048854708078,-0.18640960210801533,-0.31071694683141815,0.012465761385216411,-0.48654560328667423,-0.34072838457866056,0.9642060563824808,0.517182403750626,0.06369265778131263,-0.34503965567689643,-0.19420847855900705,-0.31707505829361327,0
-0.7018078906867011,-0.5259445535318729,0.5659618285950406,-0.41967763537705305,0.586901045345124,0.30027344640148107,0.20466050763481952,0.9091691043892075,-1.058842927413846,-0.23070494597697072,0.552666559612758,0.4848097919750906,0
